userId,preferences
1,"I appreciate movies with intricate plots, strong character arcs, and moral dilemmnas, often involving crime or family dynamics."
2,"I appreciate movies with strong character arcs, complex family relationships, and intense action sequences."
3,"I'm drawn to sci-fi thrillers with intense action, dystopian futures, and unexpected twists."
4,"I appreciate movies with strong character arcs, family dynamics, and unexpected twists. I'm drawn to stories that explore personal growth, relationships, and the complexities of life's journey."
5,"I appreciate movies with strong character arcs, emotional depth, and themes of redemption and family bonds."
6,"I appreciate movies with strong character arcs, family dynamics, and themes of redemption and justice."
7,"I'm drawn to epic space adventures, time-traveling tales, and stories with strong character arcs and moral dilemmnas."
8,"I appreciate movies with strong character arcs, themes of redemption, and intricate relationships, like in ""Babe"" and ""Shawshank Redemption."" I'm also drawn to complex, suspenseful plots with unexpected twists, as seen in ""Us"
9,"I appreciate movies with intricate storylines, unexpected twists, and strong character arcs."
10,"I appreciate epic tales of heroism, complex character arcs, and emotional narratives."
11,"I'm drawn to movies with intense action, complex characters, and gripping narratives, like Heat, Braveheart, Apollo 13, and Fugitive."
12,"I appreciate romantic dramas, intriguing plot twists, and character-driven stories with a touch of humor."
13,"I appreciate movies with intense character arcs, moral dilemmas, and thrilling action sequences."
14,"I'm drawn to movies with intense character arcs, moral dilemmas, and strong family or societal bonds."
15,"I'm drawn to epic space operas, character-driven narratives, and intricate plots with a mix of action and drama."
16,"I appreciate movies with intricate plots, strong character arcs, and moral dilemmas, such as Brazil's dystopian narrative, Taxi Driver's psychological depth, Blade Runner's sci-fi thrills, Fargo's dark humor"
17,"I appreciate epic space adventures, compelling character arcs, and intricate plots with strong themes of redemption and friendship."
18,"I appreciate movies with intricate storytelling, strong character arcs, and moral dilemmas."
19,"I'm drawn to supernatural thrillers, classic detective stories, and epic adventures with strong character arcs and moral dilemmnas."
20,"I adore movies with rich storytelling, heartfelt romance, and magical adventures."
21,"I'm a fan of classic Bond films with high-stakes action, intricate plots, and time-travel adventures."
22,"I'm drawn to stories with strong character arcs, themes of hope and redemption, and intricate relationships, like in Shawshank Redemption and Forrest Gump. I also appreciate complex narratives and moral dilemmas, as seen in One Flew Over"
23,"I'm drawn to sci-fi, complex narratives, and films with intense character arcs and moral dilemmnas."
24,"I'm drawn to movies with intricate character arcs, themes of redemption, and complex relationships, like in ""Heat,"" ""The Shawshank Redemption,"" and ""Green Mile."" I also appreciate mind-bending plots and philosophical questions, as"
25,"I'm drawn to epic sagas, heroic quests, and intricate world-building."
26,"I appreciate movies with intricate plots, moral dilemmnas, and strong character arcs."
27,"I adore movies with heartwarming stories, unexpected adventures, and strong bonds between characters."
28,"I appreciate epic sci-fi, intricate character arcs, and action-packed narratives with strong themes of redemption and family dynamics."
29,"I'm drawn to epic historical dramas, intricate character arcs, and stories of resilience and redemption."
30,"I'm drawn to epic tales of heroism, redemption, and complex relationships, like in Braveheart and The Shawshank Redemption. I'm also a fan of intricate plots and action, as seen in Star Wars and Raiders of the Lost Ark."
31,"I appreciate movies with strong character arcs, unexpected twists, and emotional depth."
32,"I appreciate movies with intricate plots, strong character arcs, and themes of redemption and personal growth."
33,"I appreciate movies with strong emotional narratives, complex characters, and themes of love, loss, and redemption."
34,"I'm drawn to action-packed, adventurous films with strong character arcs and unexpected alliances, like in GoldenEye, X-Men, and Pirates of the Caribbean."
35,"I appreciate movies with intricate plots, strong character arcs, and themes of personal growth and redemption."
36,"I appreciate movies with intricate plots, strong character arcs, and themes of justice and redemption."
37,"I'm drawn to movies with intense plot twists, like Apollo 13 and Mystery Science Theater 3000, and those with strong character arcs and moral dilemmnas, such as Silence of the Lambs and Sleepers. I also"
38,"I appreciate movies with intricate plots, strong character arcs, and themes of love, redemption, and justice."
39,"I'm drawn to intricate plots with unexpected twists, strong character arcs, and moral dilemmnas."
40,"I appreciate movies with strong character arcs, family dynamics, and themes of redemption. I also enjoy mind-bending plots, action, and philosophical undertones."
41,"I appreciate movies with intricate storylines, unexpected twists, and strong character arcs."
42,"I'm drawn to action-packed, suspenseful narratives with intricate plots, such as GoldenEye, Usual Suspects, and Star Wars: Episode IV - A New Hope. I appreciate character-driven stories with emotional depth, like American President,"
43,"I appreciate movies with heartwarming family dynamics, unexpected romance, and touching character arcs."
44,"I appreciate action-packed, complex narratives with strong character arcs, particularly in martial arts and crime genres."
45,"I'm drawn to movies with intricate plots, unexpected twists, and strong character arcs, particularly those with elements of rebellion, family dynamics, and humor."
46,"I'm drawn to epic narratives with strong character arcs, like in Toy Story and Firm, and intriguing plot twists, as seen in Usual Suspects and True Lies. I appreciate stories with rich themes, such as in Braveheart and The"
47,"I appreciate movies with profound character arcs, themes of hope and redemption, and intricate relationships, like in Green Mile, Forrest Gump, and Shawshank Redemption."
48,"I'm drawn to sci-fi with intricate plots, extraterrestrial elements, and thrilling adventures."
49,"I'm drawn to films with intense character arcs, like Schindler's List and Pursuit of Happyness, and those with epic, immersive worlds, such as E.T. and Interstellar. I appreciate stories that explore human res"
50,"I appreciate sci-fi, epic storytelling, and complex characters with moral dilemmas."
51,"I'm drawn to intense, suspenseful narratives with strong character arcs, particularly those involving complex relationships and moral dilemmnas."
52,"I'm drawn to stories with strong character arcs, themes of hope and redemption, and intricate relationships, like in Shawshank Redemption and Good Will Hunting. I also appreciate epic narratives and moral dilemmnas, as seen in The Matrix and"
53,"I appreciate movies with strong character arcs, unexpected plot twists, and exploration of human nature and relationships."
54,"I appreciate movies with strong character arcs, themes of hope and friendship, and intricate plotlines."
55,"I'm drawn to movies with intense action, complex characters, and moral dilemmnas, like Lock, Stock & Two Smoking Barrels, Boondock Saints, and Three Kings. I appreciate stories with unexpected twists and themes of redemption, as"
56,"I'm a fan of comedic adventures, heartwarming dramas, and thrilling action-packed narratives with a touch of humor."
57,"I appreciate movies with intricate storylines, strong character arcs, and moral dilemmnas, such as Toy Story, Usual Suspects, and Schindler's List."
58,"I appreciate movies with strong character arcs, intricate plots, and themes of love and friendship."
59,"I'm drawn to films with intense character arcs, dark themes, and intricate family dynamics, especially those with historical and political depth."
60,"I appreciate movies with profound character arcs, themes of hope and redemption, and complex relationships, like in Schindler's List and Shawshank Redemption. I also enjoy action-packed films with deep narratives, such as Dark Knight and Gods"
61,"I appreciate movies with intricate character arcs, themes of hope and friendship, and suspenseful storylines."
62,"I appreciate movies with intricate character arcs, moral dilemmnas, and family-centric narratives."
63,"I'm drawn to stories with strong character bonds, redemption arcs, and intricate relationships, like in ""Toy Story,"" ""Shawshank Redemption,"" and ""Wallace & Gromit."" I also appreciate clever plots, unexpected twists, and"
64,"I appreciate movies with intricate character arcs, themes of redemption, and exploration of family and societal dynamics."
65,"I'm drawn to movies with intense character arcs, moral dilemmnas, and unexpected plot twists."
66,"I appreciate movies with intricate plots, strong character arcs, and themes of redemption and humanity's resilience."
67,"I appreciate movies with intricate character arcs, themes of redemption, and complex relationships, like in ""Léon: The Professional"" and ""Shawshank Redemption."" I also enjoy action-packed, mind-bending plots with philosophical undertones,"
68,"I'm drawn to epic space adventures, intricate character arcs, and historical dramas with strong themes of redemption and family."
69,"I appreciate movies with intricate storylines, unexpected twists, and strong character arcs."
70,"I appreciate movies with profound character arcs, moral dilemmas, and historical or societal impacts."
71,"I appreciate movies with thrilling action, complex character arcs, and thought-provoking themes, especially those involving teamwork and overcoming adversity."
72,"I'm drawn to epic narratives with strong character arcs, themes of redemption, and intricate plotlines."
73,"I appreciate movies with intense character arcs, moral dilemmnas, and complex family dynamics. I'm drawn to stories that challenge reality and explore darker aspects of humanity."
74,"I appreciate movies with emotional depth, complex family relationships, and intriguing plot twists."
75,"I'm drawn to epic space operas, intricate character arcs, and suspenseful adventures."
76,"I appreciate movies with intricate family dynamics, organized crime, and unexpected plot twists."
77,"I'm drawn to epic space operas, intricate adventures, and heroic journeys."
78,"I'm drawn to action-packed, comedic films with strong character arcs, like Die Hard, Ghostbusters, and Naked Gun, and I appreciate movies with intricate plots and themes of redemption, such as Shawshank Redemption and Term"
79,"I appreciate movies with intricate plots, strong character arcs, and societal commentary."
80,"I'm drawn to movies with intricate character arcs, themes of redemption, and intense psychological depth."
81,"I'm drawn to sci-fi, action, and thriller genres with intricate plots, like Twelve Monkeys and Terminator 2. I appreciate historical epics and adventure, as seen in Braveheart and Apollo 13. I also enjoy crime dram"
82,"I'm drawn to epic historical dramas, action-packed adventures, and stories with strong moral dilemmnas and redemption arcs."
83,"I appreciate movies with profound character arcs, themes of hope and friendship, and intense, emotionally charged narratives."
84,"I appreciate movies with strong character arcs, emotional depth, and family or societal dynamics."
85,"I appreciate movies with strong character arcs, moral dilemmas, and historical or cultural depth."
86,"I'm drawn to movies with intricate plots, unexpected twists, and strong character arcs, especially when they involve secret identities, alternate realities, and thrilling adventures."
87,"I adore films with quirky humor, magical adventures, and heartwarming stories."
88,"I appreciate movies with intricate character arcs, moral dilemmas, and epic quests."
89,"I'm a fan of comedic and light-hearted films with a touch of mystery, like Scary Movie and Garfield: The Movie, as well as those with unique and quirky storylines, such as Tales of Manhattan and Little Murders. I also appreciate family"
90,"I appreciate biographical dramas, family-centric stories, and films with strong character arcs, like Nixon and Antonia's Line. I also enjoy movies with unexpected romance and personal growth, such as Postino, Il and Fargo."
91,"I'm drawn to films with intense action, complex characters, and dark humor, especially those with a touch of the supernatural or political satire."
92,"I'm drawn to stories with strong character arcs, adventure, and unexpected friendships, like Muppets on treasure hunts, Matilda's clever rebellion, and heartwarming animal journeys."
93,"I'm drawn to epic adventures, heartwarming tales, and heroic journeys."
94,"I appreciate movies with strong character arcs, themes of hope and redemption, and intricate plotlines."
95,"I'm drawn to films with intense character arcs, moral dilemmas, and intricate relationships, as well as those with thought-provoking narratives and unexpected twists."
96,"I'm drawn to stories with strong character arcs, themes of redemption, and intricate family or societal dynamics. I appreciate mind-bending plots, action, and philosophical questions. I also enjoy historical dramas, epic adventures, and movies that bl"
97,"I'm drawn to movies with intense action, complex narratives, and strong character arcs, particularly those with elements of crime, espionage, and adventure."
98,"I appreciate movies with intricate storylines, unexpected twists, and strong character arcs."
99,"I appreciate movies with intense action, complex character relationships, and unexpected plot twists."
100,"I appreciate action-packed, dramatic narratives with strong character arcs, particularly those involving family dynamics and romantic tension."
101,"I'm drawn to films with intricate narratives, complex character arcs, and thought-provoking themes, particularly those exploring human connections and societal norms."
102,"I appreciate movies with strong character arcs, moral dilemmnas, and intricate relationships, particularly those with elements of redemption and justice."
103,"I appreciate movies with intricate character arcs, themes of redemption, and complex relationships, like Shawshank Redemption and Casino. I also enjoy mind-bending narratives and philosophical undertones, as seen in Pulp Fiction and The Matrix."
104,"I appreciate romantic comedies with heartwarming love stories, quirky characters, and a touch of humor."
105,"I appreciate movies with intricate plots, strong character arcs, and moral dilemmas."
106,"I'm drawn to epic fantasy with rich character arcs, intricate plots, and themes of friendship, sacrifice, and the battle between good and evil."
107,"I appreciate movies with strong character arcs, themes of hope and friendship, and a mix of drama and action."
108,"I appreciate movies with strong female leads, intricate family dynamics, and historical or societal themes."
109,"I appreciate movies with intense character arcs, themes of redemption, and complex relationships, like in Shawshank Redemption and Forrest Gump. I also enjoy films with strong emotional narratives and historical depth, such as Tombstone.  ###"
110,"I appreciate movies with strong character arcs, moral dilemmnas, and unexpected plot twists."
111,"I'm drawn to movies with compelling narratives, unexpected twists, and humor-filled escapades."
112,"I appreciate sci-fi with epic adventures, intense action, and intricate plots."
113,"I appreciate movies with strong emotional narratives, complex relationships, and intriguing character arcs."
114,"I'm drawn to movies with intricate character arcs, supernatural elements, and moral dilemmnas."
115,"I'm drawn to films with intricate storylines, like Twelve Monkeys and Pulp Fiction, and I appreciate the blend of action and drama in movies like Star Wars and Jurassic Park. I also enjoy character-driven narratives, as seen in Tomb"
116,"I appreciate movies with strong character arcs, like in ""Mask"" and ""Mask of Zorro,"" thrilling action like in ""Blade Runner"" and ""Top Gun,"" and heartwarming stories like ""Sound of Music"" and ""While You Were Sleep"
117,"I appreciate movies with strong character arcs, themes of redemption, and intricate relationships, like in Braveheart and Shawshank Redemption. I also enjoy complex plots and moral dilemmnas, as seen in Man Without a Face, Schindler's"
118,"I appreciate movies with intricate family dynamics and organized crime, like The Godfather series and Goodfellas, as well as those with strong character arcs and moral dilemminas, such as Schindler's List and Rain Man. I also enjoy mind-bending narr"
119,"I'm drawn to stories with intricate plots, strong character arcs, and moral dilemmnas, like in Hackers, The Professional, and The Lion King. I appreciate narratives that explore human resilience and relationships, as seen in Life Is Beautiful and Gladiator"
120,"I'm drawn to epic space adventures, intricate family sagas, and movies with unexpected twists."
121,"I appreciate movies with strong character arcs, themes of redemption, and intricate relationships, like in Shawshank Redemption and Heat. I also enjoy films with compelling storylines, such as Casino and Braveheart. Additionally, I'm drawn to"
122,"I appreciate movies with intricate plots, strong character arcs, and themes of redemption and personal growth."
123,"I appreciate movies with intense character arcs, moral dilemmas, and intricate plotlines."
124,"I'm drawn to stories with emotional depth, redemption arcs, and intricate character relationships. I appreciate narratives that explore the human condition, whether through the lens of personal growth or the complexities of crime and justice."
125,"I appreciate movies that capture the essence of human relationships and personal growth, like Clerks and Pleasantville, while also enjoying the thrill of complex narratives and unexpected twists, as seen in Natural Born Killers, Forrest Gump, and The Matrix."
126,"I appreciate movies with intense character arcs, moral dilemmas, and thrilling action sequences."
127,"I appreciate movies with intricate plots, strong character arcs, and moral dilemmas, such as Maltese Falcon's detective story, M*A*S*H's wartime humor, Michael Clayton's legal drama, Some Like It Hot"
128,"I appreciate epic historical dramas, intricate plots with unexpected twists, and strong character-driven narratives."
129,"I appreciate epic tales of heroism, complex relationships, and intriguing world-building."
130,"I'm drawn to epic tales of rebellion and freedom, like Braveheart, and stories with deep emotional bonds, such as Shawshank Redemption. I appreciate complex narratives with unexpected twists, as seen in Batman Forever and Die Hard: With"
131,"I appreciate movies with intense character arcs, moral dilemmnas, and complex relationships, like in ""Streetcar Named Desire,"" ""Raging Bull,"" and ""Taxi Driver."" I'm also drawn to thrilling narratives with dark themes, as seen"
132,"I'm drawn to movies with intricate character arcs, themes of hope and redemption, and unexpected twists that challenge reality."
133,"I appreciate movies with intricate storylines, strong character arcs, and themes of hope and resilience."
134,"I'm drawn to epic tales of rebellion and freedom, intricate character arcs, and intense moral dilemmnas."
135,"I appreciate movies with intense character arcs, moral dilemmnas, and suspenseful narratives."
136,"I'm drawn to action-packed spy thrillers, epic historical dramas, and intense crime-solving narratives with strong character arcs and moral dilemmnas."
137,"I'm drawn to films with intense character arcs, moral dilemmas, and complex relationships, like in ""Taxi Driver,"" ""Godfather,"" and ""Citizen Kane."""
138,"I appreciate movies with strong friendships, intriguing mysteries, and rich character arcs, particularly those with elements of martial arts and family dynamics."
139,"I appreciate epic space adventures, historical war dramas, and intricate fantasy quests."
140,"I appreciate movies with intense character arcs, moral dilemmnas, and complex relationships, especially those with historical or crime elements."
141,"I appreciate movies with intricate plots, strong character arcs, and themes of redemption and societal commentary."
142,"I appreciate movies with intricate plots, moral dilemmas, and strong character arcs."
143,"I appreciate movies with heartwarming narratives, unexpected twists, and relatable characters."
144,"I appreciate movies with intricate character arcs, moral dilemmas, and transformative journeys."
145,"I appreciate movies with intricate character arcs, moral dilemmas, and unexpected plot twists."
146,"I appreciate movies with intricate plots, strong character arcs, and themes of redemption and family dynamics."
147,"I appreciate movies with intricate plots, strong character arcs, and themes of personal struggle and redemption."
148,"I'm drawn to stories with rich character arcs, themes of love and redemption, and intriguing historical settings."
149,"I'm drawn to sci-fi with strong character arcs, epic battles, and thought-provoking themes about humanity and technology."
150,"I appreciate movies with intricate plots, moral dilemmas, and strong character arcs."
151,"I appreciate movies with strong character arcs, humor, and action-packed adventures."
152,"I'm drawn to movies with intense character arcs, moral dilemmas, and complex family or societal dynamics."
153,"I'm drawn to films with heartwarming narratives, quirky characters, and unexpected romance."
154,"I'm drawn to stories with emotional depth, redemption arcs, and intricate family relationships. I also appreciate adventures that explore the human spirit, whether it's through the lens of fantasy, science fiction, or heartwarming tales of unlikely friendships."
155,"I appreciate movies with rebellious characters, epic space adventures, and unexpected twists."
156,"I appreciate movies with intricate plots, unexpected twists, and strong character arcs, particularly those that explore themes of power, family, and personal transformation."
157,"I appreciate movies with intense character arcs, moral dilemmnas, and intricate plotlines."
158,"I'm drawn to movies with intense character arcs, themes of vengeance, and complex societal interactions. I appreciate narratives that blend action with environmental and philosophical elements."
159,"I appreciate movies with strong character arcs, themes of self-discovery, and family or personal growth challenges."
160,"I appreciate movies with intricate plots, strong character arcs, and moral dilemmnas, often set in unique time periods or futuristic worlds."
161,"I adore movies with strong character bonds, themes of hope and innocence, and adventurous plots."
162,"I appreciate movies with strong character arcs, moral dilemmnas, and emotional depth, particularly those with themes of redemption and friendship."
163,"I appreciate movies with unexpected twists, strong character arcs, and dramatic tension."
164,"I'm drawn to epic tales of heroism, rebellion, and adventure, with a penchant for action-packed narratives and complex character arcs."
165,"I appreciate epic adventures, intricate storylines, and strong character relationships, especially in films like The Shawshank Redemption, Raiders of the Lost Ark, and Lord of the Rings. I also enjoy movies with romantic and comedic elements, such as My W"
166,"I'm drawn to animated classics like Toy Story, epic sci-fi adventures like Star Wars, and films with intricate plots like The Usual Suspects. I appreciate stories with strong character arcs, moral dilemmas, and the blend of fantasy with"
167,"I appreciate movies with quirky humor, unique characters, and unexpected adventures."
168,"I appreciate movies with intricate plots, strong character arcs, and moral dilemmnas, like in Fargo, Dr. Strangelove, and Citizen Kane. I also enjoy crime dramas and films that explore family and loyalty, such as The Godfather and Good"
169,"I appreciate movies with strong friendships, redemption arcs, and family-centric plots."
170,"I appreciate movies with strong character bonds, themes of hope and redemption, and intricate family or societal dynamics."
171,"I'm drawn to movies with intricate character arcs, moral dilemmnas, and unexpected twists."
172,"I'm drawn to movies with compelling character arcs, moral dilemmas, and suspenseful narratives."
173,"I appreciate movies with emotional depth, exploring themes of love, family, and personal growth, as well as those with thrilling narratives and historical or sci-fi elements."
174,"I appreciate movies with intricate plots, unexpected romance, and suspenseful elements."
175,"I'm drawn to stories of aspiring dancers, rebellious teens, and characters who overcome adversity, with a penchant for dramatic and emotional narratives."
176,"I appreciate movies with intense action, complex character arcs, and moral dilemmas, such as GoldenEye, Seven, Braveheart, and Tombstone."
177,"I appreciate movies with strong character arcs, themes of redemption, and intricate family relationships. I also enjoy stories with unexpected twists and emotional depth."
178,"I appreciate movies with strong character arcs, themes of hope and redemption, and intricate relationships, like in Shawshank Redemption and And Your Mother Too."
179,"I appreciate movies with strong character bonds, themes of hope and redemption, and the thrill of overcoming challenges."
180,"I'm drawn to epic space adventures, intricate character arcs, and tales of redemption."
181,"I appreciate movies with intricate plots, character-driven narratives, and themes of love and justice."
182,"I'm drawn to movies with intricate plots, strong character arcs, and societal commentary."
183,"I'm drawn to epic historical dramas, intense action sequences, and suspenseful plots with strong themes of loyalty and heroism."
184,"I'm drawn to movies with intricate plots, character-driven narratives, and moral dilemmnas."
185,"I appreciate movies with intricate character arcs, themes of redemption, and complex family relationships. I also enjoy mind-bending plots, action, and philosophical undertones."
186,"I appreciate movies with heartwarming stories, strong character arcs, and elements of magic and adventure."
187,"I'm drawn to movies with intricate character arcs, unexpected plot twists, and dark, mysterious atmospheres."
188,"I appreciate movies with rich storytelling, character-driven plots, and historical settings."
189,"I appreciate movies with intricate plots, strong character arcs, and moral dilemmas, such as The Shawshank Redemption, Inception, and Schindler's List."
190,"I appreciate movies with profound character arcs, themes of redemption, and intricate family relationships. I'm also drawn to stories that explore the human spirit's resilience, like in Schindler's List and Life Is Beautiful. I enjoy fantasy world"
191,"I appreciate classic dramas with strong character arcs, moral dilemmas, and historical settings.  - response: I enjoy classic dramas with strong character arcs, moral dilemmas, and historical settings."
192,"I'm drawn to action-packed spy thrillers like GoldenEye and True Lies, as well as adventurous tales with a touch of danger like Apollo 13 and Jurassic Park. I appreciate stories with strong family bonds and personal growth, such"
193,"I'm drawn to epic space adventures, intricate character arcs, and gripping family sagas."
194,"I appreciate movies with intense war scenes, complex character relationships, and moral dilemmnas, like Platoon, M*A*S*H, and Three Musketeers."
195,"I appreciate movies with intricate plot twists, strong character arcs, and moral dilemmnas, particularly those with a blend of crime, suspense, and personal growth."
196,"I appreciate movies with intense storylines, strong character arcs, and moral dilemmnas, such as Apollo 13, Gladiator, and Dark Knight."
197,"I appreciate movies with intricate character arcs, moral dilemmas, and unexpected alliances."
198,"I appreciate movies with intricate plots, strong character arcs, and moral dilemmnas."
199,"I appreciate movies with intense character arcs, moral dilemmnas, and historical or war-based narratives."
200,"I appreciate movies with strong character arcs, themes of friendship and redemption, and a mix of humor and drama."
201,"I appreciate movies with strong character arcs, unexpected twists, and emotional depth."
202,"I'm drawn to movies with intense action, complex character arcs, and thought-provoking themes, especially those involving crime, redemption, and moral dilemmas."
203,"I'm drawn to epic historical dramas, intricate fantasy adventures, and thrilling action sequences with strong character arcs and moral dilemmas."
204,"I appreciate movies with intense character arcs, moral dilemmas, and dark humor."
205,"I'm drawn to stories with strong character arcs, themes of redemption, and intricate family or societal dynamics. I appreciate films that challenge my perceptions, like those with complex plots and philosophical undertones. I also enjoy action-packed adventures and stories"
206,"I appreciate movies with strong character arcs, moral dilemmas, and intricate family relationships."
207,"I appreciate movies with intense character arcs, moral dilemmnas, and suspenseful plots."
208,"I appreciate epic war stories, intricate plots with redemption arcs, and action-packed sequences."
209,"I'm drawn to epic narratives with strong character arcs, moral dilemmas, and rich historical settings."
210,"I'm a fan of epic space operas, intricate character arcs, and thrilling adventures."
211,"I'm drawn to movies with intricate character arcs, themes of hope and redemption, and complex relationships, like in Shawshank Redemption and Gladiator. I also appreciate mind-bending narratives and philosophical questions, as seen in The Matrix and"
212,"I appreciate movies with strong character arcs, moral dilemmas, and unexpected twists."
213,"I'm drawn to action-packed, thrilling narratives with strong character arcs, particularly those involving underdogs and personal redemption."
214,"I appreciate modern adaptations of classic tales, like Romeo + Juliet, and narratives with strong character arcs, such as Sense and Sensibility. I'm also drawn to stories with elements of comedy and adventure, as seen in Happy Gilmore and James and the Gi"
215,"I'm drawn to stories with intricate character arcs, themes of redemption, and the exploration of complex relationships, like in The Shawshank Redemption and Life Is Beautiful. I also appreciate mind-bending narratives and philosophical depth, as seen in The"
216,"I appreciate movies with strong character arcs, unexpected romance, and suspenseful plots."
217,"I'm drawn to epic space operas, intricate character arcs, and thrilling adventures with a touch of mystery and historical elements."
218,"I appreciate movies with intricate plots, strong character arcs, and themes of moral conflict and redemption."
219,"I appreciate movies with intricate plots, strong character arcs, and themes of redemption and family dynamics."
220,"I'm drawn to stories with strong character arcs, themes of hope and friendship, and unexpected twists."
221,"I'm drawn to movies with intricate plots, strong character arcs, and moral dilemmas, like in Twelve Monkeys, Taxi Driver, and Pulp Fiction. I appreciate the blend of action and psychological depth in Blade Runner and Vertigo"
222,"I appreciate movies with intricate storylines, strong character arcs, and themes of family and redemption."
223,"I'm drawn to stories with strong emotional bonds, themes of hope and redemption, and intricate family relationships. I also appreciate narratives with magical realism, complex character arcs, and superhero elements."
224,"I appreciate movies with strong character arcs, themes of love and friendship, and elements of time travel and moral dilemmnas."
225,"I'm a fan of comedic action-packed movies with memorable characters, like in ""Friday,"" ""Dumb & Dumber,"" and ""Kingpin."" I also enjoy coming-of-age stories and suspenseful adventures, as seen in ""Stand"
226,"I appreciate movies with intricate plots, unexpected twists, and a mix of humor and adventure."
227,"I appreciate movies with intense character arcs, moral dilemmas, and gripping narratives."
228,"I'm drawn to movies with intricate plots, unexpected twists, and strong character arcs, particularly those with a blend of suspense and philosophical depth."
229,"I appreciate movies with strong character bonds, themes of hope and redemption, and intricate plotlines."
230,"I'm drawn to sci-fi adventures with rich character arcs, epic battles, and intricate plots, like in ""Fifth Element"" and ""Matrix Revolutions."" I also enjoy action-packed comedies with relatable characters, such as ""Meet"
231,"I appreciate sci-fi with strong action, intricate plots, and character-driven narratives. I'm also drawn to stories with moral dilemmas and redemption arcs."
232,"I appreciate movies with intricate storylines, strong character arcs, and themes of redemption and moral dilemmnas."
233,"I'm drawn to movies with intricate character arcs, themes of hope and redemption, and those that explore the complexities of human relationships and moral dilemmnas."
234,"I appreciate movies with strong character arcs, moral dilemmas, and family-centric narratives."
235,"I appreciate movies with intense character arcs, moral dilemmas, and transformative journeys."
236,"I'm drawn to suspenseful, action-packed movies with intricate plots and unexpected twists, particularly those involving intense character dynamics and psychological depth."
237,"I appreciate movies with intricate storylines, strong character arcs, and moral dilemmnas, such as Twelve Monkeys, Shawshank Redemption, and One Flew Over the Cuckoo's Nest."
238,"I appreciate movies with strong leadership characters, complex family dynamics, and intense action sequences.  ### Response (60 tokens or less): I enjoy character-driven stories, family intricacies, and high-stakes action.  ### Response (60"
239,"I appreciate movies with intense character arcs, moral dilemmnas, and intricate plotlines."
240,"I'm drawn to animated adventures, heartwarming tales of unlikely heroes, and epic historical dramas."
241,"I'm drawn to films with profound character arcs, themes of redemption, and intricate relationships, like in Before Sunrise and Before Sunset. I also appreciate stories with unique perspectives and emotional depth, as seen in Amelie and Her. Additionally"
242,"I appreciate movies with intricate plots, moral dilemmas, and strong character arcs."
243,"I appreciate action-packed thrillers with intense stakes, complex characters, and elements of redemption and personal growth."
244,"I'm drawn to epic tales of rebellion, complex characters, and thrilling adventures, especially when they involve intricate plots and moral dilemmas."
245,"I appreciate movies with compelling character arcs, moral dilemmnas, and intricate storylines."
246,"I appreciate movies with intricate character arcs, emotional depth, and unique storylines."
247,"I appreciate movies with strong character arcs, themes of redemption, and intricate family relationships. I also enjoy mind-bending plots, action, and philosophical depth."
248,"I appreciate movies with superheroes, unexpected adventures, and complex family dynamics."
249,"I appreciate epic adventures, complex character arcs, and intense action sequences."
250,"I appreciate movies with strong character arcs, themes of hope and redemption, and diverse storytelling across different eras and social issues."
251,"I appreciate movies with intricate plots, strong character arcs, and moral dilemmas, often involving crime or justice themes."
252,"I'm drawn to animated adventures, heartfelt family stories, and films with rich emotional depth and imaginative worlds."
253,"I appreciate movies with deep character development, intricate relationships, and themes of personal growth and resilience."
254,"I appreciate movies with intricate storylines, unexpected twists, and profound character arcs."
255,"I'm a fan of comedic action with memorable characters, like in Ace Ventura, Ghostbusters, and Caddyshack. I also enjoy movies with a strong sense of humor and adventure, such as the 3 Ninjas series.  Explan"
256,"I appreciate movies with intricate storylines, strong character arcs, and themes of redemption and personal growth."
257,"I appreciate movies with quirky humor, unexpected action, and a mix of drama and comedy."
258,"I appreciate movies with profound character arcs, themes of hope and redemption, and intricate relationships. I'm drawn to stories that explore the human spirit, like the friendship in Shawshank Redemption, the adventure and love in Princess Bride, and the"
259,"I appreciate movies with intricate plots, strong character arcs, and themes of redemption and human connection."
260,"I'm drawn to movies with intricate plots, unexpected twists, and dark humor."
261,"I appreciate movies with intricate storylines, unexpected twists, and profound character arcs."
262,"I appreciate movies with intricate character arcs, moral dilemmas, and historical or societal commentary."
263,"I appreciate movies with intricate character arcs, themes of hope and redemption, and heartwarming, imaginative storytelling.  - Sense and Sensibility (1995): Emotional depth in family dynamics.  - Shaw"
264,"I appreciate movies with heartwarming family stories, magical adventures, and intriguing mysteries."
265,"I'm drawn to epic space operas, intricate character arcs, and time-travel adventures."
266,"I'm drawn to movies with intense character arcs, themes of redemption, and complex relationships, like in Casino, Braveheart, and True Romance. I also appreciate mind-bending plots and action, as seen in Pulp Fiction and Blade"
267,"I appreciate movies with strong character arcs, like in ""Postman"" and ""Terminator 2: Judgment Day,"" and thrilling plots, as seen in ""Apollo 13"" and ""Star Wars: Episode IV - A New Hope."" I also enjoy"
268,"I appreciate movies with intricate narratives, unexpected twists, and strong character arcs."
269,"I appreciate movies with strong character arcs, unexpected plot twists, and themes of redemption and friendship."
270,"I appreciate movies with emotional depth, character-driven stories, and moral dilemmas."
271,"I appreciate movies with intricate narratives, strong character arcs, and themes of personal struggle and triumph."
272,"I'm drawn to stories with strong character arcs, themes of hope and redemption, and intricate family relationships. I also appreciate mind-bending plots, action, and philosophical questions."
273,"I appreciate movies with strong character arcs, emotional depth, and unique storytelling, whether it's about love, redemption, or self-discovery."
274,"I'm drawn to movies with intricate narratives, unexpected twists, and dark humor."
275,"I appreciate movies with heartwarming stories, complex characters, and unexpected twists."
276,"I appreciate movies with strong character arcs, family dynamics, and themes of redemption and personal growth."
277,"I'm drawn to sci-fi with time travel, epic battles, and complex character arcs."
278,"I appreciate movies with intricate character arcs, moral dilemmas, and historical settings."
279,"I'm drawn to epic space operas, intricate character arcs, and suspenseful adventures."
280,"I appreciate movies with strong character arcs, family and societal dynamics, and themes of personal growth and redemption."
281,"I appreciate movies with strong character arcs, family dynamics, and unexpected twists, like Little Miss Sunshine's quirky family adventure, 300's epic battle scenes, and American History X's intense drama. I also enjoy films with unique"
282,"I appreciate movies with intense character arcs, moral dilemmnas, and intricate family dynamics, as well as those with imaginative storylines, action, and philosophical depth."
283,"I'm drawn to epic historical dramas, stories of personal redemption, and films with strong character arcs."
284,"I appreciate movies with intricate plots, strong character arcs, and themes of rebellion and love."
285,"I appreciate movies with intense character arcs, moral dilemmas, and complex relationships."
286,"I'm drawn to movies with intense character arcs, moral dilemmas, and intricate plots."
287,"I'm drawn to films with intricate character arcs, themes of redemption, and complex family relationships. I also appreciate movies with unique and imaginative storytelling, as well as those that explore the human condition and personal growth."
288,"I appreciate movies with intricate storylines, strong character arcs, and themes of hope and redemption."
289,"I appreciate movies with intense plot twists, dark humor, and complex character arcs."
290,"I'm drawn to films with intense character arcs, moral dilemmas, and intricate family relationships. I also appreciate stories with suspenseful plots, historical depth, and dark humor."
291,"I'm drawn to fantasy with rich character arcs, magical worlds, and epic battles between good and evil."
292,"I appreciate movies with strong character arcs, themes of hope and redemption, and intricate family relationships. I also enjoy mind-bending plots, action, and philosophical undertones."
293,"I appreciate movies with intense character arcs, moral dilemmas, and unexpected plot twists."
294,"I'm drawn to epic space adventures, historical dramas, and intriguing time-travel narratives."
295,"I'm drawn to movies with intricate narratives, unexpected twists, and strong character arcs, often exploring themes of redemption and moral dilemmnas."
296,"I'm drawn to stories with intricate character arcs, themes of redemption, and complex relationships, like in Shawshank Redemption and Good Will Hunting. I also appreciate historical narratives with emotional depth, such as Forrest Gump and Life Is Beautiful."
297,"I appreciate movies with intense action, complex characters, and intricate plots, like Heat, Usual Suspects, and Seven. I also enjoy psychological thrillers and films with morally ambiguous characters, such as Natural Born Killers and Léon."
298,"I'm drawn to epic narratives with intricate character arcs, like in The Godfather and Indiana Jones series, and enjoy action-packed, thought-provoking films such as The Matrix and Blade Runner. I also appreciate the blend of adventure and drama in"
299,"I'm drawn to movies with intense character arcs, suspenseful plots, and elements of the supernatural or paranormal."
300,"I appreciate movies with intense character arcs, moral dilemmas, and historical or fantastical settings."
301,"I appreciate movies with intricate plots, moral dilemmnas, and strong character arcs."
302,"I appreciate movies with intricate character arcs, moral dilemmas, and family-centric narratives."
303,"I'm drawn to sci-fi with strong action, intricate plots, and emotional depth, especially when exploring themes of destiny, family, and the human spirit."
304,"I appreciate movies with strong character arcs, themes of love and rebellion, and gripping narratives."
305,"I appreciate movies with intricate storylines, strong character arcs, and themes of redemption and survival."
306,"I'm drawn to romantic dramas with mysterious elements, animated adventures, and thrilling underwater escapades."
307,"I appreciate movies with intricate plots, strong character arcs, and themes of redemption and personal growth."
308,"I appreciate movies with strong character arcs, themes of self-discovery, and emotional depth."
309,"I appreciate movies with intricate character arcs, moral dilemminas, and historical or war-related settings."
310,"I adore films with inventive storytelling, intricate character arcs, and historical settings."
311,"I appreciate movies with intricate family narratives, psychological depth, and themes of redemption and struggle against societal norms."
312,"I'm drawn to films with intense character arcs, moral dilemminas, and complex relationships, like Taxi Driver, Schindler's List, and Vertigo. I also appreciate epic sci-fi and action, as seen in Star Wars, Blade Runner"
313,"I appreciate movies with intricate plots, suspense, and moral dilemmnas, especially those with crime and detective elements."
314,"I appreciate movies with strong character arcs, themes of hope and redemption, and intricate relationships, like in Shawshank Redemption and American President. I also enjoy epic space adventures and complex love stories, as seen in 2001: A Space"
315,"I appreciate movies with intricate character relationships, moral dilemmnas, and historical settings."
316,"I'm drawn to films with intricate plots, dark humor, and unexpected twists."
317,"I appreciate movies with intense action, complex character arcs, and intricate plots, often involving crime or suspense."
318,"I'm drawn to films with intense character arcs, dark themes, and complex societal critiques."
319,"I appreciate movies with intricate character arcs, moral dilemmas, and strong bonds formed in unusual circumstances."
320,"I appreciate movies with intense action, intricate plots, and strong character arcs, especially those with moral dilemmnas and family dynamics."
321,"I'm drawn to movies with thrilling adventures, unexpected twists, and strong character arcs."
322,"I appreciate movies with intricate storylines, unexpected twists, and moral dilemmnas."
323,"I appreciate movies with intricate character arcs, themes of hope and redemption, and complex relationships, such as in Shawshank Redemption and Schindler's List. I also enjoy action-packed, mind-bending stories with strong philosophical undertones"
324,"I appreciate movies with intricate plots, strong character arcs, and themes of family and personal growth."
325,"I'm drawn to movies with intense character arcs, moral dilemmas, and intricate narratives."
326,"I'm drawn to epic historical dramas, intense action, and stories of personal struggle and redemption."
327,"I appreciate movies with humor, adventure, and unexpected romance."
328,"I appreciate movies with strong character arcs, themes of redemption, and intricate family relationships. I also enjoy mind-bending plots, action, and philosophical questions."
329,"I'm drawn to movies with profound themes, moral dilemmas, and complex character arcs, often set against dark or challenging backdrops."
330,"I appreciate movies with intricate plots, unexpected twists, and strong character arcs."
331,"I'm drawn to movies with intricate character arcs, moral dilemmas, and unexpected plot twists."
332,"I'm drawn to films with intricate narratives, moral dilemmnas, and strong character arcs, like Blade Runner, Memento, and Shawshank Redemption."
333,"I appreciate movies with intense character arcs, moral dilemmas, and unexpected romantic entanglements."
334,"I appreciate movies with rich storytelling, like Shrek's adventure and Forrest Gump's journey, alongside the thrilling action and sci-fi elements in Star Wars and Terminator 2. I also enjoy the quirky humor and heartwarming moments"
335,"I appreciate movies with intricate plot twists, strong character arcs, and themes of redemption and survival."
336,"I appreciate movies with intricate character arcs, moral dilemmas, and unexpected alliances."
337,"I'm drawn to movies with intense action, complex character arcs, and unexpected twists."
338,"I appreciate movies with intricate character arcs, moral dilemmas, and strong narrative twists."
339,"I appreciate movies with intense character arcs, moral dilemmas, and suspenseful narratives."
340,"I'm drawn to epic tales of heroism, intricate plots, and the resilience of the human spirit against overwhelming odds."
341,"I appreciate movies with strong character arcs, unexpected twists, and family-oriented humor."
342,"I appreciate movies with relatable characters, unexpected twists, and emotional depth."
343,"I appreciate movies with intense character arcs, moral dilemmas, and historical or fantasy settings."
344,"I'm drawn to epic space adventures, heartfelt stories of friendship and redemption, and intricate plots with unexpected twists."
345,"I appreciate movies with intricate plotlines, strong character arcs, and dramatic tension, particularly those that explore human relationships and moral dilemminas."
346,"I'm drawn to films with intense character arcs, moral dilemmas, and suspenseful narratives."
347,"I appreciate movies with strong character arcs, themes of redemption, and intricate family relationships. I also enjoy mind-bending plots, action, and philosophical questions."
348,"I appreciate movies with intricate plotlines, strong character arcs, and themes of redemption and moral complexity."
349,"I'm drawn to stories with strong emotional bonds, unexpected heroism, and intricate character relationships."
350,"I'm drawn to sci-fi with time travel, alien encounters, and complex moral dilemmas."
351,"I appreciate dark humor, intricate storylines, and character-driven narratives, especially when they explore complex themes and human nature."
352,"I appreciate movies with intricate plots, strong character arcs, and moral dilemmas, such as Seven, Usual Suspects, Pulp Fiction, Shawshank Redemption, Forrest Gump, and Schindler's List.  ###"
353,"I appreciate movies with strong character arcs, moral dilemmnas, and intense action sequences."
354,"I appreciate movies with intricate storylines, unexpected twists, and strong character arcs."
355,"I appreciate movies with intricate plots, romantic elements, and strong character relationships."
356,"I adore movies with intricate storylines, unexpected twists, and heartwarming characters."
357,"I appreciate movies with strong character arcs, family dynamics, and historical depth."
358,"I'm drawn to stories with deep emotional connections, tragic love, and complex character arcs, like in Titanic, Atonement, and Breakfast at Tiffany's. I appreciate narratives that explore social class disparities and personal growth, as seen in Not"
359,"I appreciate movies with intricate character arcs, themes of redemption, and exploration of family and societal dynamics. I'm also drawn to films that delve into the complexities of human nature and the power of imagination."
360,"I appreciate suspenseful plots, intricate character arcs, and intense action sequences."
361,"I appreciate movies with strong character arcs, themes of overcoming adversity, and a mix of humor and action."
362,"I'm drawn to movies with intense character arcs, moral dilemmas, and complex family or societal structures."
363,"I appreciate movies with intricate storylines, character growth, and themes of redemption and family dynamics."
364,"I'm drawn to films with intense character arcs, redemption themes, and intricate family relationships. I also enjoy mind-bending plots, action, and philosophical questions."
365,"I appreciate movies with profound character arcs, themes of hope and redemption, and intricate relationships, like in Good Will Hunting and Shawshank Redemption. I also enjoy action-packed, thought-provoking films such as The Matrix and Inception,"
366,"I'm drawn to movies with intricate plots, strong character arcs, and moral dilemmas."
367,"I appreciate movies with strong character arcs, themes of hope and redemption, and family relationships. I also enjoy action-packed, mind-bending plots with philosophical undertones."
368,"I appreciate movies with intricate storylines, moral dilemmas, and intense character arcs."
369,"I'm drawn to movies with intricate plots, like in ""Big Lebowski"" and ""Fear and Loathing in Las Vegas,"" and those with psychological depth, such as ""American Psycho"" and ""Memento."" I appreciate stories that blend reality with fant"
370,"I'm drawn to movies with intricate storylines, unexpected twists, and characters with depth, like in Pulp Fiction, The Usual Suspects, and Fight Club. I also appreciate films that explore themes of redemption and personal growth, such as Pulp"
371,"I'm drawn to sci-fi with complex characters, dystopian settings, and intricate plots involving technology and the human psyche."
372,"I'm drawn to movies with intricate plots, strong character arcs, and moral dilemmas."
373,"I appreciate movies with intense character arcs, moral dilemmas, and unexpected plot twists."
374,"I'm drawn to epic tales of rebellion, intricate character arcs, and thrilling adventures, with a penchant for classic action and suspense."
375,"I appreciate movies with intricate storylines, strong character arcs, and themes of redemption and justice."
376,"I'm drawn to sci-fi thrillers with intense action, complex plots, and futuristic settings. I appreciate movies that challenge my perception of reality and feature strong character-driven narratives."
377,"I appreciate movies with intense survival scenarios, unexpected twists, and strong character-driven narratives."
378,"I appreciate movies with intricate storylines, moral dilemmas, and strong character arcs."
379,"I'm drawn to stories with strong character arcs, themes of redemption, and intricate family or societal dynamics. I appreciate films that explore the human spirit, like Babe's journey and Forrest Gump's life. I'm also captivated by"
380,"I'm a fan of action-packed, adventurous, and suspenseful movies with intricate plots and memorable characters."
381,"I appreciate movies with intricate plots, unexpected twists, and emotional depth, often exploring themes of self-discovery and human connection."
382,"I'm drawn to movies with intricate storytelling, moral dilemmas, and strong character arcs, particularly those with elements of crime, redemption, and complex relationships."
383,"I appreciate movies with inspiring stories, strong character arcs, and historical or cultural significance."
384,"I appreciate movies with intricate storylines, unexpected twists, and diverse character arcs."
385,"I appreciate movies with intricate storylines, character growth, and moral dilemmas, particularly those that explore human relationships and personal redemption."
386,"I appreciate movies with intricate storylines, unexpected twists, and strong character arcs."
387,"I'm drawn to intricate narratives with unexpected twists, deep character exploration, and themes of existentialism and morality."
388,"I'm a fan of animated adventures with heartwarming humor, epic journeys, and unexpected twists."
389,"I'm drawn to stories with strong character arcs, redemption, and intricate family relationships. I also appreciate mind-bending plots, action, and thought-provoking themes."
390,"I appreciate movies with intricate family dynamics, unexpected plot twists, and themes of redemption and self-discovery."
391,"I'm drawn to films with intense character arcs, moral dilemmnas, and strong emotional narratives."
392,"I'm drawn to films with adventurous plots, complex characters, and unexpected twists."
393,"I'm drawn to films with intense character arcs, moral dilemmas, and intricate relationships, like in ""Léon,"" ""Fugitive,"" and ""Dr. Strangelove."" I also appreciate the thrill of espionage and the pursuit of justice,"
394,"I'm drawn to movies with intricate plots, strong character arcs, and themes of justice and redemption."
395,"I'm drawn to epic adventures, intense action, and characters with strong moral dilemmas."
396,"I appreciate movies with strong character arcs, moral dilemmnas, and intricate relationships, like in ""Toy Story,"" ""Léon,"" and ""Shawshank Redemption."" I also enjoy complex narratives and suspense, as seen in ""Vertigo"" and"
397,"I appreciate movies with intricate relationships, unexpected romance, and dramatic family dynamics."
398,"I appreciate movies with intricate plots, strong character arcs, and societal themes."
399,"I'm drawn to epic space operas, intricate character arcs, and historical dramas with a touch of adventure and redemption."
400,"I'm drawn to intricate narratives with strong character arcs, moral dilemmnas, and unexpected plot twists."
401,"I'm drawn to animated adventures with quirky humor, epic quests, and heartfelt friendships."
402,"I appreciate movies with intense action, complex character arcs, and thrilling plot twists."
403,"I appreciate movies with intense character arcs, moral dilemmas, and historical or war-based narratives."
404,"I appreciate movies with intricate character arcs, themes of hope and redemption, and relationships that challenge societal norms."
405,"I'm drawn to films with intense, dark themes, complex characters, and surreal narratives."
406,"I appreciate romantic comedies, fairy tales, and family-oriented films with strong female leads and heartwarming messages."
407,"I'm drawn to epic fantasy adventures, intricate plots, and strong character arcs, particularly in the Lord of the Rings trilogy and Dark Knight."
408,"I'm drawn to sci-fi, action, and adventure with strong character arcs, like Ghost in the Shell and Raiders of the Lost Ark. Comedies with absurd situations, such as Airplane!, also appeal to me. I appreciate historical dramas with complex characters"
409,"I appreciate movies with intense character arcs, moral dilemmas, and intricate family relationships. I'm drawn to stories that explore the human condition, like the struggle for power in 'Godfather' and the journey of self-discovery in 'Taxi Driver"
410,"I appreciate movies with intricate character arcs, themes of redemption, and exploration of societal outcasts. I'm drawn to stories that delve into the complexities of human relationships and personal growth."
411,"I appreciate movies with strong character arcs, emotional depth, and historical or societal themes."
412,"I appreciate classic dramas with intricate plots, strong character arcs, and themes of mistaken identity and redemption."
413,"I appreciate movies with intricate character arcs, themes of redemption, and complex relationships, like in Shawshank Redemption and The Godfather."
414,"I appreciate movies with intricate plots, strong character arcs, and themes of love and rebellion."
415,"I appreciate movies with intricate storylines, strong character arcs, and moral dilemmnas, such as Pulp Fiction, Shawshank Redemption, Forrest Gump, and Goodfellas."
416,"I'm drawn to movies with intricate narratives, unexpected plot twists, and strong character arcs, often exploring themes of personal growth and societal commentary."
417,"I appreciate movies with intricate character arcs, moral dilemmnas, and intense crime drama."
418,"I appreciate movies with strong character arcs, moral dilemmnas, and transformative journeys."
419,"I appreciate movies with intricate storylines, strong character arcs, and themes of redemption and moral dilemmas."
420,"I appreciate movies with strong character arcs, redemption themes, and intricate plotlines, particularly those with a touch of humor and satire."
421,"I appreciate movies with profound character arcs, themes of hope and redemption, and intricate relationships, such as friendship and family."
422,"I'm drawn to epic space adventures, gripping tales of rebellion, and intricate character relationships."
423,"I appreciate movies with intricate storylines, strong character arcs, and themes of hope and resilience."
424,"I appreciate movies with intricate plots, moral dilemmas, and suspenseful crime stories."
425,"I appreciate movies with intricate character arcs, moral dilemmnas, and intense relationships, like in ""Léon: The Professional"" and ""Shawshank Redemption."" I'm also drawn to stories with unexpected twists and deep emotional journeys,"
426,"I appreciate movies with strong character arcs, themes of overcoming adversity, and family dynamics."
427,"I'm drawn to movies with intense character arcs, moral dilemmnas, and intricate family or friendship dynamics."
428,"I appreciate movies with intricate character arcs, unexpected romance, and dark humor."
429,"I appreciate movies with intense survival scenarios, strong character relationships, and unexpected romantic developments."
430,"I'm drawn to movies with intricate character arcs, themes of hope and redemption, and unexpected plot twists."
431,"I'm drawn to movies with intricate plots, unexpected twists, and strong character arcs, especially those involving crime, suspense, and personal growth."
432,"I'm drawn to epic tales of redemption, intricate family dynamics, and profound character arcs, as well as mind-bending narratives, emotional depth, and philosophical undertones."
433,"I appreciate movies with intricate plots, strong character arcs, and themes of redemption and family dynamics."
434,"I'm drawn to movies with intense character arcs, moral dilemmnas, and intricate family relationships. I also appreciate stories with suspenseful plots, futuristic settings, and thought-provoking themes."
435,"I'm drawn to movies with intricate character arcs, themes of redemption, and complex family and crime dynamics."
436,"I appreciate movies with heartwarming stories, strong character bonds, and elements of adventure and overcoming adversity."
437,"I appreciate movies with intense character arcs, moral dilemmnas, and complex family dynamics."
438,"I'm drawn to epic narratives with strong character arcs, like in Heat and Shawshank Redemption, and love the blend of action and drama in Bad Boys and True Lies. Sci-fi and space operas, especially Star Wars, captivate me"
439,"I appreciate movies with profound character arcs, themes of hope and redemption, and intricate narratives."
440,"I'm drawn to sci-fi with intricate plots, dystopian themes, and mind-bending concepts."
441,"I'm drawn to epic space adventures, intricate plots with redemption arcs, and characters with complex relationships."
442,"I gravitate towards stories with strong character arcs, like Mowgli's journey, and narratives that explore identity and personal growth, such as Boys Don't Cry. I also appreciate films with unique perspectives and quirky plots, like Englishman Who Went Up"
443,"I appreciate movies with strong character arcs, themes of hope and redemption, and intricate relationships, particularly in dramatic and adventure genres."
444,"I appreciate movies with intricate plots, unexpected twists, and strong character arcs."
445,"I appreciate movies with intricate plots, strong character arcs, and themes of rebellion and self-discovery."
446,"I appreciate movies with strong character arcs, moral dilemmas, and emotional depth."
447,"I'm drawn to epic narratives with strong character arcs, themes of redemption, and intense family or kinship dynamics."
448,"I appreciate movies with strong character arcs, themes of redemption, and intricate family relationships. I also enjoy mind-bending plots, action, and philosophical elements."
449,"I appreciate movies with intricate character arcs, themes of hope and redemption, and complex relationships, like in Shawshank Redemption and American History X. I also enjoy mind-bending plots and philosophical questions, as seen in The Matrix and Fight Club."
450,"I'm drawn to epic historical dramas, intense action sequences, and movies with strong moral dilemmas."
451,"I appreciate movies with strong character arcs, moral dilemmnas, and intense emotional moments."
452,"I appreciate movies with intense character arcs, moral dilemmas, and historical or fantasy-driven narratives."
453,"I appreciate movies with intricate plots, strong character arcs, and themes of redemption and family dynamics."
454,"I'm drawn to films with intricate plots, suspenseful elements, and psychological depth."
455,"I'm drawn to stories with strong character arcs, themes of hope and redemption, and intricate relationships, like in Shawshank Redemption and Forrest Gump. I also appreciate historical dramas with intense emotional depth, such as Schindler's"
456,"I'm drawn to films with intense character arcs, suspenseful plots, and unexpected twists."
457,"I'm drawn to epic tales of rebellion and heroism, like Braveheart, and sci-fi adventures with intricate plots, such as Star Wars and Star Trek. I appreciate comedic classics like Monty Python and the absurd, heartwarming"
458,"I appreciate movies with strong character arcs, themes of redemption, and intricate relationships, like in ""Get Shorty,"" ""Now and Then,"" and ""Mr. Holland's Opus."" I also enjoy epic historical dramas like ""Braveheart"" and inten"
459,"I'm drawn to epic adventures, intricate family sagas, and stories with rich cultural backgrounds."
460,"I appreciate movies with intricate character arcs, themes of hope and redemption, and epic journeys."
461,"I appreciate movies with strong character arcs, themes of hope and redemption, and complex relationships, like in Forrest Gump and Shawshank Redemption. I also enjoy films with intriguing narratives and moral dilemmnas, such as Dead Poets Society"
462,"I'm drawn to films with intense character arcs, dark themes, and complex relationships, like Taxi Driver, Heavenly Creatures, and Raging Bull. I appreciate movies that challenge my perceptions, such as Monty Python's Life of Brian and Dead A"
463,"I'm drawn to epic sagas with rich character arcs, intense conflicts, and moral dilemmnas, like in Lord of the Rings and Godfather. I appreciate historical dramas and action-packed adventures, as seen in Braveheart and Saving Private"
464,"I appreciate movies with intricate character arcs, moral dilemmnas, and intense action sequences."
465,"I'm drawn to films with intense character arcs, moral dilemmas, and suspenseful narratives."
466,"I'm drawn to stories with emotional depth, redemption arcs, and complex relationships, like Forrest Gump's journey and the redemption in Seven Pounds. I also appreciate intricate plots, such as those in The Matrix and Edge of Tomorrow, and the"
467,"I appreciate movies with strong emotional narratives, historical depth, and character-driven plots."
468,"I appreciate movies with strong character arcs, themes of redemption, and intricate social dynamics. I also enjoy mind-bending plots, action, and philosophical depth."
469,"I appreciate movies with intricate plots, strong character arcs, and themes of redemption and friendship."
470,"I'm drawn to epic historical dramas, intense action, and stories with strong moral messages."
471,"I appreciate movies with strong emotional narratives, character growth, and themes of resilience and family bonds."
472,"I appreciate movies with intricate character arcs, themes of redemption, and complex family relationships. I also enjoy mind-bending plots, action, and philosophical depth."
473,"I appreciate movies with strong character arcs, themes of hope and redemption, and intricate family relationships."
474,"I appreciate movies with intricate character arcs, themes of hope and redemption, and complex family relationships."
475,"I'm a fan of epic space adventures, intricate character arcs, and thrilling action sequences."
476,"I appreciate movies with strong character arcs, moral dilemmnas, and family relationships. I'm drawn to stories of personal growth, redemption, and the complexities of human connections."
477,"I appreciate movies with intricate character arcs, themes of hope and friendship, and suspenseful plots."
478,"I appreciate movies with intricate plots, strong character arcs, and moral dilemmnas, such as Client, The, Batman Begins, and Star Wars: Episode III - Revenge of the Sith. I also enjoy family-friendly adventures like Snow White"
479,"I appreciate movies with strong female leads, intricate family dynamics, and themes of personal growth and societal change."
480,"I appreciate movies with strong character arcs, themes of hope and redemption, and intricate relationships, like in Shawshank Redemption and Braveheart. I also enjoy narratives with unexpected twists and historical depth, as seen in Forrest Gump and Dances"
481,"I appreciate movies with intricate plots, strong character arcs, and themes of justice and redemption.  - L.A. Confidential: I'm drawn to stories with complex characters and a gritty sense of justice.  - Titanic:"
482,"I appreciate movies with strong character arcs, themes of redemption, and intricate family relationships. I also enjoy mind-bending plots, action, and philosophical questions."
483,"I appreciate movies with intricate narratives, strong character arcs, and themes of hope and friendship."
484,"I'm drawn to stories with strong character arcs, themes of hope and redemption, and the journey of self-discovery."
485,"I appreciate movies with intense action, complex character relationships, and thrilling plot twists."
486,"I'm drawn to movies with intense action, complex character relationships, and gripping narratives that explore themes of survival and redemption."
487,"I appreciate movies with intricate plots, strong character arcs, and themes of adventure and self-discovery."
488,"I appreciate movies with intricate character arcs, themes of hope and redemption, and rich storytelling."
489,"I appreciate movies with intricate character arcs, themes of personal growth, and family or romantic relationships."
490,"I appreciate movies with intricate character arcs, exploring themes of personal struggle, and complex relationships."
491,"I'm a fan of movies with heartwarming family stories, unexpected adventures, and magical elements."
492,"I'm drawn to action-packed, high-stakes scenarios with strong character arcs and unexpected twists."
493,"I'm drawn to epic tales of rebellion and freedom, like Braveheart, and the classic struggle between good and evil, as seen in The Godfather series. I'm also captivated by the intricate worlds of Star Wars, with its rich narratives and"
494,"I'm drawn to epic tales of rebellion, strong leadership, and complex family dynamics, with a penchant for action-packed adventures and mind-bending plots."
495,"I appreciate movies with profound character arcs, themes of hope and redemption, and intricate relationships, particularly those that explore the human spirit's resilience."
496,"I appreciate movies with intricate family dynamics, organized crime, and epic adventures.  ### Response (60 tokens or less): I enjoy complex family sagas, crime dramas, and epic quests.  ### Response (60 tokens or less"
497,"I'm drawn to movies with intense character arcs, moral dilemmas, and unexpected plot twists."
498,"I appreciate movies with strong character arcs, themes of redemption, and intricate family relationships. I also enjoy films with action, adventure, and a touch of humor."
499,"I appreciate movies with complex character arcs, unexpected twists, and a mix of drama and action."
500,"I appreciate movies with unique storytelling, like those set on unconventional film sets, post-apocalyptic black comedies, and animated classics. I also enjoy films with unexpected plot twists, character-driven narratives, and explorations of human"
501,"I appreciate movies with strong character arcs, unexpected plot twists, and a blend of humor and drama."
502,"I appreciate movies with profound character arcs, themes of hope and redemption, and intricate relationships, such as Shawshank Redemption, Little Shop of Horrors, and Green Mile."
503,"I appreciate movies with intense character arcs, exploring themes of redemption, and intricate relationships, especially within crime families. I'm drawn to stories that delve into the darker aspects of life, like drug addiction and its impact on dreams, as well"
504,"I appreciate movies with intricate character arcs, moral dilemmas, and societal commentary."
505,"I appreciate movies with intense crime drama, suspenseful supernatural elements, and psychological thrillers."
506,"I adore movies with intricate character relationships, unexpected romance, and societal commentary."
507,"I appreciate movies with heartwarming stories, unexpected romance, and thrilling adventures."
508,"I appreciate movies with intricate plots and character development, like Full Metal Jacket and Back to the Future series. I'm less fond of dramas and comedies, as seen with Welcome to the Dollhouse and Muppet Treasure Island. I also enjoy action and supernatural"
509,"I'm drawn to epic fantasy adventures with rich character arcs, like the Lord of the Rings trilogy, and heartwarming tales of unlikely friendships, such as in How to Train Your Dragon. I also appreciate clever humor and satire, as seen in"
510,"I appreciate movies with intricate plots, strong character arcs, and moral dilemmas, such as The Godfather, Exorcist, and Usual Suspects."
511,"I appreciate movies with intricate storytelling, strong character arcs, and themes of hope and friendship."
512,"I'm drawn to movies with intricate plots, strong character arcs, and themes of redemption and justice."
513,"I'm drawn to epic space adventures, intricate character-driven stories, and films with unexpected twists."
514,"I'm drawn to epic space adventures, intricate character arcs, and thrilling action sequences."
515,"I'm drawn to epic space adventures, heartfelt dramas, and stories of personal growth and redemption."
516,"I'm drawn to epic adventures, compelling character arcs, and thrilling action sequences."
517,"I appreciate movies with heartwarming family dynamics, unexpected adventures, and touching character arcs."
518,"I appreciate movies with suspenseful plots, unexpected twists, and strong character-driven narratives."
519,"I appreciate movies with strong character arcs, themes of hope and redemption, and intricate relationships, such as in Shawshank Redemption, Forrest Gump, and Good Will Hunting. I also enjoy films that tackle serious social issues and personal transformation, like"
520,"I'm drawn to stories with intricate character arcs, themes of hope and redemption, and the thrill of epic adventures."
521,"I appreciate movies with intense character arcs, moral dilemmnas, and intricate relationships, like in ""Leaving Las Vegas"" and ""Nixon."" I also enjoy complex, suspenseful plots and strong performances, as seen in ""Four Rooms,"" ""He"
522,"I appreciate movies with compelling character arcs, themes of hope and redemption, and intricate storylines."
523,"I appreciate movies with strong character arcs, moral dilemmnas, and unexpected relationships, like in ""Léon: The Professional,"" ""The Shawshank Redemption,"" and ""Green Mile."" I also enjoy stories of personal growth and redemption, as seen in """
524,"I appreciate movies with intense character arcs, moral dilemmas, and action-packed scenarios."
525,"I appreciate movies with intricate character relationships, unexpected plot twists, and a blend of humor and drama."
526,"I appreciate movies with profound character arcs, themes of redemption, and intricate family relationships. I also enjoy films with thought-provoking narratives and a touch of humor."
527,"I appreciate movies with heartwarming stories, unexpected twists, and strong character arcs, like Babe, Star Wars, and Beauty and the Beast."
528,"I'm drawn to epic historical dramas, intricate action sequences, and movies with strong character arcs and moral dilemmnas."
529,"I appreciate movies with intense action, complex plots, and themes of survival against overwhelming odds."
530,"I'm drawn to stories with strong emotional bonds, historical depth, and thrilling plot twists."
531,"I'm drawn to epic adventures, intricate character arcs, and high-stakes action."
532,"I appreciate movies with intense action, complex characters, and gripping narratives, particularly those with historical or war-based settings."
533,"I appreciate movies with compelling character arcs, unexpected twists, and exploration of darker themes."
534,"I'm drawn to time-travel adventures, heartwarming stories with strong family bonds, and movies that blend humor with profound life lessons."
535,"I appreciate movies with intriguing plots, unexpected twists, and strong character arcs."
536,"I appreciate movies with strong character arcs, historical depth, and intriguing plot twists."
537,"I'm drawn to intricate heist plots, complex character relationships, and thrilling action sequences."
538,"I appreciate movies with humor, heartwarming stories, and adventurous journeys."
539,"I'm drawn to animated adventures, heartwarming tales of unlikely friendships, and quirky comedies with a touch of action and fantasy."
540,"I'm drawn to epic space operas like Star Wars, intense crime dramas, and thought-provoking dystopian narratives."
541,"I'm drawn to movies with intricate plots, strong character arcs, and themes of justice and rebellion."
542,"I appreciate movies with intricate character arcs, moral dilemmas, and unexpected twists."
543,"I appreciate movies with thrilling action, unexpected twists, and heartwarming character arcs."
544,"I appreciate movies with strong emotional narratives, character growth, and exploration of societal issues."
545,"I'm drawn to films with intense political and social themes, suspenseful conspiracies, and complex relationships."
546,"I'm drawn to movies with intense action, suspenseful plots, and dark, supernatural elements."
547,"I appreciate sci-fi, dystopian, and thought-provoking films with intricate plots, such as Blade Runner, Brazil, and Wings of Desire. I also enjoy dark comedies and crime dramas like This Is Spinal Tap and Raising"
548,"I appreciate movies with intense action, complex characters, and thought-provoking themes, especially those that showcase resilience and the fight against adversity."
549,"I appreciate movies with intricate character arcs, moral dilemmas, and intense action sequences."
550,"I'm drawn to films with intricate storylines, strong character arcs, and themes of redemption and humanity's resilience."
551,"I appreciate movies with intense character arcs, moral dilemmnas, and intricate plotlines."
552,"I appreciate sci-fi, action, and complex narratives with unexpected twists, as well as films that explore human nature and moral dilemmas."
553,"I appreciate movies with intricate plots, strong character arcs, and moral dilemmnas, particularly those involving crime and redemption."
554,"I appreciate movies with intricate plots, strong character arcs, and moral dilemmas."
555,"I appreciate movies with strong character bonds, redemption arcs, and intricate family or friendship dynamics."
556,"I appreciate epic fantasy adventures, intricate character arcs, and thrilling battles between good and evil."
557,"I'm drawn to action-packed, suspenseful movies with intricate plots and strong character arcs, like Die Hard series, Mission: Impossible, and The Matrix. I also appreciate stories with unexpected twists, such as in Liar Liar and Mummy."
558,"I appreciate movies with unexpected romance, complex characters, and dramatic storylines."
559,"I appreciate movies with strong emotional narratives, character growth, and unexpected twists."
560,"I'm drawn to films with intricate character arcs, like Léon's mentorship of Mathilda, and those with rich, imaginative worlds, such as Trainspotting's gritty drug scene and the futuristic chaos in Big Lebowski."
561,"I appreciate epic adventures, strong character bonds, and themes of redemption and justice."
562,"I appreciate movies with intricate storylines, character growth, and themes of redemption and hope."
563,"I appreciate movies with strong character arcs, family and romantic relationships, and historical or fantastical settings."
564,"I appreciate movies with relatable characters, unexpected twists, and emotional growth, often with a touch of humor."
565,"I appreciate movies with intricate plots, strong character arcs, and moral dilemmnas, such as Twelve Monkeys, Usual Suspects, Pulp Fiction, Schindler's List, Dances with Wolves, and Seven. I also enjoy heartw"
566,"I appreciate movies with strong character arcs, emotional depth, and themes of love and redemption."
567,"I'm drawn to films with intense character arcs, dark themes, and unconventional narratives."
568,"I appreciate movies with intricate narratives, unexpected twists, and profound character arcs."
569,"I'm drawn to movies with intricate plots, strong character arcs, and elements of action and adventure."
570,"I'm drawn to movies with intense character arcs, thought-provoking themes, and intricate plots, especially those involving human resilience, extraterrestrial encounters, and moral dilemmas."
571,"I'm drawn to stories with supernatural elements, suspense, and dark themes of horror and survival."
572,"I appreciate movies with intricate character arcs, themes of hope and redemption, and complex family relationships."
573,"I appreciate movies with strong character arcs, moral dilemmas, and action-packed adventures."
574,"I appreciate movies with intricate plots, strong character arcs, and moral dilemmas."
575,"I appreciate movies with intricate storylines, unexpected twists, and strong character arcs."
576,"I appreciate movies with intense character arcs, unexpected plot twists, and elements of fantasy or science fiction."
577,"I'm drawn to epic space adventures, heartfelt dramas, and historical romances with strong character arcs and moral dilemmnas."
578,"I appreciate movies with intricate character arcs, emotional depth, and unexpected romantic elements."
579,"I appreciate movies with strong character arcs, themes of love and redemption, and compelling historical or fantasy settings."
580,"I appreciate movies with intricate plots, strong character arcs, and moral dilemmnas, often with a touch of dark humor."
581,"I appreciate movies with profound character arcs, themes of hope and redemption, and intricate relationships, such as in Shawshank Redemption, Schindler's List, and Pianist. I also enjoy stories with magical realism and emotional depth"
582,"I'm drawn to epic fantasy with intricate plots, like in The Matrix and Harry Potter series, and heartwarming stories with unexpected twists, such as Intouchables. I appreciate action-packed adventures and complex character arcs, as seen in Avengers"
583,"I appreciate movies with engaging romance, compelling character arcs, and elements of adventure and self-discovery."
584,"I appreciate movies with strong character arcs, moral dilemmas, and adventurous settings."
585,"I appreciate movies with intricate character arcs, moral dilemmas, and family or friendship conflicts."
586,"I'm drawn to epic historical dramas, intricate sci-fi adventures, and thrilling action-packed narratives with strong character arcs and moral dilemmnas."
587,"I appreciate movies with intricate storylines, unexpected twists, and strong character arcs."
588,"I'm drawn to movies with intricate plots, strong character arcs, and themes of redemption and justice."
589,"I'm drawn to films with intense character arcs, themes of redemption, and complex relationships, like in ""Leaving Las Vegas"" and ""Shawshank Redemption."" I appreciate stories that explore the human condition, such as ""Dead Man Walking"
590,"I'm drawn to epic space adventures, heartfelt dramas, and classic tales of courage and friendship."
591,"I'm a fan of epic space adventures, intricate character arcs, and unexpected twists."
592,"I'm drawn to epic historical dramas, thrilling action-adventures, and stories with strong family bonds and redemption arcs."
593,"I'm drawn to epic space adventures, intricate character arcs, and dramatic love stories."
594,"I appreciate movies with political intrigue, epic adventures, and unexpected romance."
595,"I appreciate suspenseful narratives, intricate character arcs, and unexpected romantic elements."
596,"I appreciate movies with intense character arcs, unexpected twists, and rich cultural narratives."
597,"I appreciate movies with intricate plots, strong character arcs, and themes of personal growth and rebellion."
598,"I'm drawn to movies with intricate plots, emotional depth, and strong character arcs, particularly those involving family dynamics and self-discovery."
599,"I'm drawn to action-packed, thrilling narratives with strong character arcs and moral dilemmas."
600,"I'm drawn to movies with intricate narratives, unexpected twists, and strong character arcs, often exploring themes of personal growth and societal critique."
601,"I appreciate movies with intricate storytelling, strong character arcs, and moral dilemmas, such as The Shawshank Redemption, Godfather, and 12 Angry Men."
602,"I appreciate movies with intricate storytelling, strong character arcs, and moral dilemmnas, such as Nixon, Clueless, and Braveheart. I also enjoy suspenseful narratives and unexpected plot twists, like in Seven, Usual Suspects"
603,"I appreciate movies with intricate plots, strong character arcs, and societal commentary."
604,"I'm drawn to movies with intense action, complex narratives, and dark themes, including redemption arcs and psychological depth."
605,"I appreciate epic adventures, strong character arcs, and intricate plots."
606,"I appreciate movies with intricate family dynamics, redemption arcs, and strong character development."
607,"I'm drawn to epic tales of heroism, intricate character arcs, and moral dilemmas."
608,"I appreciate movies with intricate storylines, unexpected twists, and exploration of societal issues."
609,"I appreciate movies with intricate storylines, strong character arcs, and themes of redemption and friendship."
610,"I'm drawn to narratives with intricate character arcs, moral dilemmas, and suspenseful action sequences."
611,"I'm drawn to epic space operas with strong heroes, intricate plots, and a blend of adventure and drama."
